Entity,Day,Daily new confirmed cases of COVID-19
Indonesia,15-févr.-20,0
Indonesia,16-févr.-20,0
Indonesia,17-févr.-20,0
Indonesia,18-févr.-20,0
Indonesia,19-févr.-20,0
Indonesia,20-févr.-20,0
Indonesia,21-févr.-20,0
Indonesia,22-févr.-20,0
Indonesia,23-févr.-20,0
Indonesia,24-févr.-20,0
Indonesia,25-févr.-20,0
Indonesia,26-févr.-20,0
Indonesia,27-févr.-20,0
Indonesia,28-févr.-20,0
Indonesia,29-févr.-20,0
Indonesia,1-mars-20,0
Indonesia,2-mars-20,0
Indonesia,3-mars-20,0
Indonesia,4-mars-20,0
Indonesia,5-mars-20,0
Indonesia,6-mars-20,2
Indonesia,7-mars-20,0
Indonesia,8-mars-20,2
Indonesia,9-mars-20,13
Indonesia,10-mars-20,8
Indonesia,11-mars-20,7
Indonesia,12-mars-20,0
Indonesia,13-mars-20,35
Indonesia,14-mars-20,27
Indonesia,15-mars-20,21
Indonesia,16-mars-20,17
Indonesia,17-mars-20,38
Indonesia,18-mars-20,55
Indonesia,19-mars-20,82
Indonesia,20-mars-20,60
Indonesia,21-mars-20,81
Indonesia,22-mars-20,64
Indonesia,23-mars-20,65
Indonesia,24-mars-20,107
Indonesia,25-mars-20,104
Indonesia,26-mars-20,103
Indonesia,27-mars-20,153
Indonesia,28-mars-20,109
Indonesia,29-mars-20,130
Indonesia,30-mars-20,129
Indonesia,31-mars-20,114
Indonesia,1-avr.-20,149
Indonesia,2-avr.-20,113
Indonesia,3-avr.-20,196
Indonesia,4-avr.-20,106
Indonesia,5-avr.-20,181
Indonesia,6-avr.-20,218
Indonesia,7-avr.-20,247
Indonesia,8-avr.-20,218
Indonesia,9-avr.-20,337
Indonesia,10-avr.-20,219
Indonesia,11-avr.-20,330
Indonesia,12-avr.-20,399
Indonesia,13-avr.-20,316
Indonesia,14-avr.-20,282
Indonesia,15-avr.-20,297
Indonesia,16-avr.-20,380
Indonesia,17-avr.-20,407
Indonesia,18-avr.-20,325
Indonesia,19-avr.-20,327
Indonesia,20-avr.-20,185
Indonesia,21-avr.-20,375
Indonesia,22-avr.-20,283
Indonesia,23-avr.-20,357
Indonesia,24-avr.-20,436
Indonesia,25-avr.-20,396
Indonesia,26-avr.-20,275
Indonesia,27-avr.-20,214
Indonesia,28-avr.-20,415
Indonesia,29-avr.-20,260
Indonesia,30-avr.-20,347
Indonesia,1-mai-20,433
Indonesia,2-mai-20,292
Indonesia,3-mai-20,349
Indonesia,4-mai-20,395
Indonesia,5-mai-20,484
Indonesia,6-mai-20,367
Indonesia,7-mai-20,338
Indonesia,8-mai-20,336
Indonesia,9-mai-20,533
Indonesia,10-mai-20,387
Indonesia,11-mai-20,233
Indonesia,12-mai-20,484
Indonesia,13-mai-20,689
Indonesia,14-mai-20,568
Indonesia,15-mai-20,490
Indonesia,16-mai-20,529
Indonesia,17-mai-20,489
Indonesia,18-mai-20,496
Indonesia,19-mai-20,486
Indonesia,20-mai-20,693
Indonesia,21-mai-20,973
Indonesia,22-mai-20,634
Indonesia,23-mai-20,949
Indonesia,24-mai-20,526
Indonesia,25-mai-20,479
Indonesia,26-mai-20,415
Indonesia,27-mai-20,686
Indonesia,28-mai-20,687
Indonesia,29-mai-20,678
Indonesia,30-mai-20,557
Indonesia,31-mai-20,700
Indonesia,1-juin-20,467
Indonesia,2-juin-20,609
Indonesia,3-juin-20,684
Indonesia,4-juin-20,585
Indonesia,5-juin-20,703
Indonesia,6-juin-20,993
Indonesia,7-juin-20,672
Indonesia,8-juin-20,847
Indonesia,9-juin-20,1043
Indonesia,10-juin-20,1240
Indonesia,11-juin-20,979
Indonesia,12-juin-20,1111
Indonesia,13-juin-20,1014
Indonesia,14-juin-20,857
Indonesia,15-juin-20,1017
Indonesia,16-juin-20,1106
Indonesia,17-juin-20,1031
Indonesia,18-juin-20,1331
Indonesia,19-juin-20,1041
Indonesia,20-juin-20,1226
Indonesia,21-juin-20,862
Indonesia,22-juin-20,954
Indonesia,23-juin-20,1051
Indonesia,24-juin-20,1113
Indonesia,25-juin-20,1178
Indonesia,26-juin-20,1240
Indonesia,27-juin-20,1385
Indonesia,28-juin-20,1198
Indonesia,29-juin-20,1082
Indonesia,30-juin-20,1293
Indonesia,1-juil.-20,1385
Indonesia,2-juil.-20,1624
Indonesia,3-juil.-20,1301
Indonesia,4-juil.-20,1447
Indonesia,5-juil.-20,1607
Indonesia,6-juil.-20,1209
Indonesia,7-juil.-20,1268
Indonesia,8-juil.-20,1853
Indonesia,9-juil.-20,2657
Indonesia,10-juil.-20,1611
Indonesia,11-juil.-20,1671
Indonesia,12-juil.-20,1681
Indonesia,13-juil.-20,1282
Indonesia,14-juil.-20,1591
Indonesia,15-juil.-20,1522
Indonesia,16-juil.-20,1574
Indonesia,17-juil.-20,1462
Indonesia,18-juil.-20,1752
Indonesia,19-juil.-20,1639
Indonesia,20-juil.-20,1693
Indonesia,21-juil.-20,1655
Indonesia,22-juil.-20,1882
Indonesia,23-juil.-20,1906
Indonesia,24-juil.-20,1761
Indonesia,25-juil.-20,1868
Indonesia,26-juil.-20,1492
Indonesia,27-juil.-20,1525
Indonesia,28-juil.-20,1748
Indonesia,29-juil.-20,2381
Indonesia,30-juil.-20,1904
Indonesia,31-juil.-20,2040
Indonesia,1-août-20,1560
Indonesia,2-août-20,1519
Indonesia,3-août-20,1679
Indonesia,4-août-20,1922
Indonesia,5-août-20,1815
Indonesia,6-août-20,1882
Indonesia,7-août-20,2473
Indonesia,8-août-20,2277
Indonesia,9-août-20,1893
Indonesia,10-août-20,1687
Indonesia,11-août-20,1693
Indonesia,12-août-20,1942
Indonesia,13-août-20,2098
Indonesia,14-août-20,2307
Indonesia,15-août-20,2345
Indonesia,16-août-20,2081
Indonesia,17-août-20,1821
Indonesia,18-août-20,1673
Indonesia,19-août-20,1902
Indonesia,20-août-20,2266
Indonesia,21-août-20,2197
Indonesia,22-août-20,2090
Indonesia,23-août-20,2037
Indonesia,24-août-20,1877
Indonesia,25-août-20,2447
Indonesia,26-août-20,2306
Indonesia,27-août-20,2719
Indonesia,28-août-20,3003
Indonesia,29-août-20,3308
Indonesia,30-août-20,2858
Indonesia,31-août-20,2743
Indonesia,1-sept.-20,2775
Indonesia,2-sept.-20,3075
Indonesia,3-sept.-20,3622
Indonesia,4-sept.-20,3269
Indonesia,5-sept.-20,3128
Indonesia,6-sept.-20,3444
Indonesia,7-sept.-20,2880
Indonesia,8-sept.-20,3046
Indonesia,9-sept.-20,3307
Indonesia,10-sept.-20,3861
Indonesia,11-sept.-20,3737
Indonesia,12-sept.-20,3806
Indonesia,13-sept.-20,3636
Indonesia,14-sept.-20,3141
Indonesia,15-sept.-20,3507
Indonesia,16-sept.-20,3963
Indonesia,17-sept.-20,3635
Indonesia,18-sept.-20,3891
Indonesia,19-sept.-20,4168
Indonesia,20-sept.-20,3989
Indonesia,21-sept.-20,4176
Indonesia,22-sept.-20,4071
Indonesia,23-sept.-20,4465
Indonesia,24-sept.-20,4634
Indonesia,25-sept.-20,4823
Indonesia,26-sept.-20,4494
Indonesia,27-sept.-20,3874
Indonesia,28-sept.-20,3509
Indonesia,29-sept.-20,4002
Indonesia,30-sept.-20,4284
Indonesia,1-oct.-20,4174
Indonesia,2-oct.-20,4317
Indonesia,3-oct.-20,4007
Indonesia,4-oct.-20,3992
Indonesia,5-oct.-20,3622
Indonesia,6-oct.-20,4056
Indonesia,7-oct.-20,4538
Indonesia,8-oct.-20,4850
Indonesia,9-oct.-20,4094
Indonesia,10-oct.-20,4294
Indonesia,11-oct.-20,4497
Indonesia,12-oct.-20,3267
Indonesia,13-oct.-20,3906
Indonesia,14-oct.-20,4127
Indonesia,15-oct.-20,4411
Indonesia,16-oct.-20,4301
Indonesia,17-oct.-20,4301
Indonesia,18-oct.-20,4105
Indonesia,19-oct.-20,3373
Indonesia,20-oct.-20,3602
Indonesia,21-oct.-20,4267
Indonesia,22-oct.-20,4432
Indonesia,23-oct.-20,4369
Indonesia,24-oct.-20,4070
Indonesia,25-oct.-20,3732
Indonesia,26-oct.-20,3222
Indonesia,27-oct.-20,3520
Indonesia,28-oct.-20,4029
Indonesia,29-oct.-20,3565
Indonesia,30-oct.-20,2897
Indonesia,31-oct.-20,3143
Indonesia,1-nov.-20,2696
Indonesia,2-nov.-20,2618
Indonesia,3-nov.-20,2973
Indonesia,4-nov.-20,3356
Indonesia,5-nov.-20,4065
Indonesia,6-nov.-20,3778
Indonesia,7-nov.-20,4262
Indonesia,8-nov.-20,3880
Indonesia,9-nov.-20,2853
Indonesia,10-nov.-20,3779
Indonesia,11-nov.-20,3770
Indonesia,12-nov.-20,4173
Indonesia,13-nov.-20,5444
Indonesia,14-nov.-20,5272
Indonesia,15-nov.-20,4106
Indonesia,16-nov.-20,3535
Indonesia,17-nov.-20,3807
Indonesia,18-nov.-20,4265
Indonesia,19-nov.-20,4798
Indonesia,20-nov.-20,4792
Indonesia,21-nov.-20,4998
Indonesia,22-nov.-20,4360
Indonesia,23-nov.-20,4442
Indonesia,24-nov.-20,4192
Indonesia,25-nov.-20,5534
Indonesia,26-nov.-20,4917
Indonesia,27-nov.-20,5828
Indonesia,28-nov.-20,5418
Indonesia,29-nov.-20,6267
Indonesia,30-nov.-20,4617
Indonesia,1-déc.-20,5092
Indonesia,2-déc.-20,5533
Indonesia,3-déc.-20,8369
Indonesia,4-déc.-20,5803
Indonesia,5-déc.-20,6027
Indonesia,6-déc.-20,6089
Indonesia,7-déc.-20,5754
Indonesia,8-déc.-20,5292
Indonesia,9-déc.-20,6058
Indonesia,10-déc.-20,6033
Indonesia,11-déc.-20,6310
Indonesia,12-déc.-20,6388
Indonesia,13-déc.-20,6189
Indonesia,14-déc.-20,5489
Indonesia,15-déc.-20,6120
Indonesia,16-déc.-20,6725
Indonesia,17-déc.-20,7354
Indonesia,18-déc.-20,6689
Indonesia,19-déc.-20,7751
Indonesia,20-déc.-20,6982
Indonesia,21-déc.-20,6848
Indonesia,22-déc.-20,6347
Indonesia,23-déc.-20,7514
Indonesia,24-déc.-20,7199
Indonesia,25-déc.-20,7259
Indonesia,26-déc.-20,6740
Indonesia,27-déc.-20,6528
Indonesia,28-déc.-20,5854
Indonesia,29-déc.-20,7903
Indonesia,30-déc.-20,8002
Indonesia,31-déc.-20,8074
Indonesia,1-janv.-21,8072
Indonesia,2-janv.-21,7203
Indonesia,3-janv.-21,6877
Indonesia,4-janv.-21,6753
Indonesia,5-janv.-21,7445
Indonesia,6-janv.-21,8854
Indonesia,7-janv.-21,9321
Indonesia,8-janv.-21,10617
Indonesia,9-janv.-21,10046
Indonesia,10-janv.-21,9640
Indonesia,11-janv.-21,8692
Indonesia,12-janv.-21,10047
Indonesia,13-janv.-21,11278
Indonesia,14-janv.-21,11557
Indonesia,15-janv.-21,12818
Indonesia,16-janv.-21,14224
Indonesia,17-janv.-21,11287
Indonesia,18-janv.-21,9086
Indonesia,19-janv.-21,10365
Indonesia,20-janv.-21,12568
Indonesia,21-janv.-21,11703
Indonesia,22-janv.-21,13632
Indonesia,23-janv.-21,12191
Indonesia,24-janv.-21,11788
Indonesia,25-janv.-21,9994
Indonesia,26-janv.-21,13094
Indonesia,27-janv.-21,11948
Indonesia,28-janv.-21,13695
Indonesia,29-janv.-21,13802
Indonesia,30-janv.-21,14518
Indonesia,31-janv.-21,12001
Indonesia,1-févr.-21,10994
Indonesia,2-févr.-21,10379
Indonesia,3-févr.-21,11984
Indonesia,4-févr.-21,11434
Indonesia,5-févr.-21,11749
Indonesia,6-févr.-21,12156
Indonesia,7-févr.-21,10827
Indonesia,8-févr.-21,8242
Indonesia,9-févr.-21,8700
Indonesia,10-févr.-21,8776
Indonesia,11-févr.-21,8435
Indonesia,12-févr.-21,9869
Indonesia,13-févr.-21,8844
Indonesia,14-févr.-21,6765
Indonesia,15-févr.-21,6462
Indonesia,16-févr.-21,10029
Indonesia,17-févr.-21,9687
Indonesia,18-févr.-21,9039
Indonesia,19-févr.-21,10614
Indonesia,20-févr.-21,8054
Indonesia,21-févr.-21,7300
Indonesia,22-févr.-21,10180
Indonesia,23-févr.-21,9775
Indonesia,24-févr.-21,7533
Indonesia,25-févr.-21,8493
Indonesia,26-févr.-21,8232
Indonesia,27-févr.-21,6208
Indonesia,28-févr.-21,5560
Indonesia,1-mars-21,6680
Indonesia,2-mars-21,5712
Indonesia,3-mars-21,6808
Indonesia,4-mars-21,7264
Indonesia,5-mars-21,6971
Indonesia,6-mars-21,5767
Indonesia,7-mars-21,5826
Indonesia,8-mars-21,6894
Indonesia,9-mars-21,6389
Indonesia,10-mars-21,5633
Indonesia,11-mars-21,5144
Indonesia,12-mars-21,6412
Indonesia,13-mars-21,4607
Indonesia,14-mars-21,4714
Indonesia,15-mars-21,5589
Indonesia,16-mars-21,5414
Indonesia,17-mars-21,6825
Indonesia,18-mars-21,6570
Indonesia,19-mars-21,6279
Indonesia,20-mars-21,5656
Indonesia,21-mars-21,4396
Indonesia,22-mars-21,5744
Indonesia,23-mars-21,5297
Indonesia,24-mars-21,5227
Indonesia,25-mars-21,6107
Indonesia,26-mars-21,4982
Indonesia,27-mars-21,4461
Indonesia,28-mars-21,4083
Indonesia,29-mars-21,5008
Indonesia,30-mars-21,4682
Indonesia,31-mars-21,5937
Indonesia,1-avr.-21,6142
Indonesia,2-avr.-21,5325
Indonesia,3-avr.-21,4345
Indonesia,4-avr.-21,6731
Indonesia,5-avr.-21,3712
Indonesia,6-avr.-21,4549
Indonesia,7-avr.-21,4860
Indonesia,8-avr.-21,5504
Indonesia,9-avr.-21,5265
Indonesia,10-avr.-21,4723
Indonesia,11-avr.-21,4127
Indonesia,12-avr.-21,4829
Indonesia,13-avr.-21,5702
Indonesia,14-avr.-21,5656
Indonesia,15-avr.-21,6177
Indonesia,16-avr.-21,5363
Indonesia,17-avr.-21,5041
Indonesia,18-avr.-21,4585
Indonesia,19-avr.-21,4952
Indonesia,20-avr.-21,5549
Indonesia,21-avr.-21,5720
Indonesia,22-avr.-21,6243
Indonesia,23-avr.-21,5436
Indonesia,24-avr.-21,4544
Indonesia,25-avr.-21,4402
Indonesia,26-avr.-21,5944
Indonesia,27-avr.-21,4656
Indonesia,28-avr.-21,5241
Indonesia,29-avr.-21,5833
Indonesia,30-avr.-21,5500
Indonesia,1-mai-21,4512
Indonesia,2-mai-21,4394
Indonesia,3-mai-21,4730
Indonesia,4-mai-21,4369
Indonesia,5-mai-21,5285
Indonesia,6-mai-21,5647
Indonesia,7-mai-21,6327
Indonesia,8-mai-21,6130
Indonesia,9-mai-21,3922
Indonesia,10-mai-21,4891
Indonesia,11-mai-21,5021
Indonesia,12-mai-21,4608
Indonesia,13-mai-21,3448
Indonesia,14-mai-21,2633
Indonesia,15-mai-21,2385
Indonesia,16-mai-21,3080
Indonesia,17-mai-21,4295
Indonesia,18-mai-21,4185
Indonesia,19-mai-21,4871
Indonesia,20-mai-21,5797
Indonesia,21-mai-21,5746
Indonesia,22-mai-21,5296
Indonesia,23-mai-21,5280
Indonesia,24-mai-21,5907
Indonesia,25-mai-21,5060
Indonesia,26-mai-21,5034
Indonesia,27-mai-21,6278
Indonesia,28-mai-21,5862
Indonesia,29-mai-21,6565
Indonesia,30-mai-21,6115
Indonesia,31-mai-21,5662
Indonesia,1-juin-21,4824
Indonesia,2-juin-21,5246
Indonesia,3-juin-21,5353
Indonesia,4-juin-21,6486
Indonesia,5-juin-21,6594
Indonesia,6-juin-21,5832
Indonesia,7-juin-21,6993
Indonesia,8-juin-21,6294
Indonesia,9-juin-21,7725
Indonesia,10-juin-21,8892
Indonesia,11-juin-21,8083
Indonesia,12-juin-21,7465
Indonesia,13-juin-21,9868
Indonesia,14-juin-21,8189
Indonesia,15-juin-21,8161
Indonesia,16-juin-21,9944
Indonesia,17-juin-21,12624
Indonesia,18-juin-21,12990
Indonesia,19-juin-21,12906
Indonesia,20-juin-21,13737
Indonesia,21-juin-21,14536
Indonesia,22-juin-21,13668
Indonesia,23-juin-21,15308
Indonesia,24-juin-21,20574
Indonesia,25-juin-21,18872
Indonesia,26-juin-21,21095
Indonesia,27-juin-21,21342
Indonesia,28-juin-21,20694
Indonesia,29-juin-21,20467
Indonesia,30-juin-21,21807
Indonesia,1-juil.-21,24836
Indonesia,2-juil.-21,25830
Indonesia,3-juil.-21,27913
Indonesia,4-juil.-21,27233
Indonesia,5-juil.-21,29745
Indonesia,6-juil.-21,31189
Indonesia,7-juil.-21,34379
Indonesia,8-juil.-21,38391
Indonesia,9-juil.-21,38124
Indonesia,10-juil.-21,35094
Indonesia,11-juil.-21,36197
Indonesia,12-juil.-21,40427
Indonesia,13-juil.-21,47899
Indonesia,14-juil.-21,54517
Indonesia,15-juil.-21,56757
Indonesia,16-juil.-21,54000
Indonesia,17-juil.-21,51952
Indonesia,18-juil.-21,44721
Indonesia,19-juil.-21,34257
Indonesia,20-juil.-21,38325
Indonesia,21-juil.-21,33772
Indonesia,22-juil.-21,49509
Indonesia,23-juil.-21,49071
Indonesia,24-juil.-21,45416
Indonesia,25-juil.-21,38679
Indonesia,26-juil.-21,28228
Indonesia,27-juil.-21,45203
Indonesia,28-juil.-21,47791
Indonesia,29-juil.-21,43479
Indonesia,30-juil.-21,41168
Indonesia,31-juil.-21,37284
Indonesia,1-août-21,30738
Indonesia,2-août-21,22404
Indonesia,3-août-21,33900
Indonesia,4-août-21,35867
Indonesia,5-août-21,35764
Indonesia,6-août-21,39532
Indonesia,7-août-21,31753
Indonesia,8-août-21,26415
Indonesia,9-août-21,20709
Indonesia,10-août-21,32081
Indonesia,11-août-21,30625
Indonesia,12-août-21,24709
Indonesia,13-août-21,30788
Indonesia,14-août-21,28598
Indonesia,15-août-21,20813
Indonesia,16-août-21,17384
Indonesia,17-août-21,20741
Indonesia,18-août-21,15768
Indonesia,19-août-21,22053
Indonesia,20-août-21,20004
Indonesia,21-août-21,16744
Indonesia,22-août-21,12408
Indonesia,23-août-21,9604
Indonesia,24-août-21,19106
Indonesia,25-août-21,18671
Indonesia,26-août-21,16899
Indonesia,27-août-21,12618
Indonesia,28-août-21,10050
Indonesia,29-août-21,7427
Indonesia,30-août-21,5436
Indonesia,31-août-21,10534
Indonesia,1-sept.-21,10337
Indonesia,2-sept.-21,8955
Indonesia,3-sept.-21,7797
Indonesia,4-sept.-21,6727
Indonesia,5-sept.-21,5403
Indonesia,6-sept.-21,4413
Indonesia,7-sept.-21,7201
Indonesia,8-sept.-21,6731
Indonesia,9-sept.-21,5990
Indonesia,10-sept.-21,5376
Indonesia,11-sept.-21,5001
Indonesia,12-sept.-21,3779
Indonesia,13-sept.-21,2577
Indonesia,14-sept.-21,4128
Indonesia,15-sept.-21,3948
Indonesia,16-sept.-21,3145
Indonesia,17-sept.-21,3835
Indonesia,18-sept.-21,3385
Indonesia,19-sept.-21,2234
Indonesia,20-sept.-21,1932
Indonesia,21-sept.-21,3263
Indonesia,22-sept.-21,2720
Indonesia,23-sept.-21,2881
Indonesia,24-sept.-21,2557
Indonesia,25-sept.-21,2137
Indonesia,26-sept.-21,1760
Indonesia,27-sept.-21,1390
Indonesia,28-sept.-21,2057
Indonesia,29-sept.-21,1954
Indonesia,30-sept.-21,1690
Indonesia,1-oct.-21,1624
Indonesia,2-oct.-21,1414
Indonesia,3-oct.-21,1142
Indonesia,4-oct.-21,922
Indonesia,5-oct.-21,1404
Indonesia,6-oct.-21,1484
Indonesia,7-oct.-21,1393
Indonesia,8-oct.-21,1384
Indonesia,9-oct.-21,1167
Indonesia,10-oct.-21,894
Indonesia,11-oct.-21,620
Indonesia,12-oct.-21,1261
Indonesia,13-oct.-21,1233
Indonesia,14-oct.-21,1053
Indonesia,15-oct.-21,915
Indonesia,16-oct.-21,997
Indonesia,17-oct.-21,747
Indonesia,18-oct.-21,626
Indonesia,19-oct.-21,903
Indonesia,20-oct.-21,914
Indonesia,21-oct.-21,633
Indonesia,22-oct.-21,760
Indonesia,23-oct.-21,802
Indonesia,24-oct.-21,623
Indonesia,25-oct.-21,460
Indonesia,26-oct.-21,611
Indonesia,27-oct.-21,719
Indonesia,28-oct.-21,723
Indonesia,29-oct.-21,683
Indonesia,30-oct.-21,620
Indonesia,31-oct.-21,523
Indonesia,1-nov.-21,403
Indonesia,2-nov.-21,612
Indonesia,3-nov.-21,801
Indonesia,4-nov.-21,628
Indonesia,5-nov.-21,518
Indonesia,6-nov.-21,401
Indonesia,7-nov.-21,444
Indonesia,8-nov.-21,244
Indonesia,9-nov.-21,434
Indonesia,10-nov.-21,480
Indonesia,11-nov.-21,435
Indonesia,12-nov.-21,399
Indonesia,13-nov.-21,359
Indonesia,14-nov.-21,339
Indonesia,15-nov.-21,221
Indonesia,16-nov.-21,347
Indonesia,17-nov.-21,522
Indonesia,18-nov.-21,400
Indonesia,19-nov.-21,360
Indonesia,20-nov.-21,393
Indonesia,21-nov.-21,314
Indonesia,22-nov.-21,186
Indonesia,23-nov.-21,394
Indonesia,24-nov.-21,451
Indonesia,25-nov.-21,372
Indonesia,26-nov.-21,453
Indonesia,27-nov.-21,404
Indonesia,28-nov.-21,264
Indonesia,29-nov.-21,176
Indonesia,30-nov.-21,297
Indonesia,1-déc.-21,278
Indonesia,2-déc.-21,311
Indonesia,3-déc.-21,245
Indonesia,4-déc.-21,246
Indonesia,5-déc.-21,196
Indonesia,6-déc.-21,130
Indonesia,7-déc.-21,261
Indonesia,8-déc.-21,264
Indonesia,9-déc.-21,220
Indonesia,10-déc.-21,192
Indonesia,11-déc.-21,228
Indonesia,12-déc.-21,163
Indonesia,13-déc.-21,106
Indonesia,14-déc.-21,190
Indonesia,15-déc.-21,205
Indonesia,16-déc.-21,213
Indonesia,17-déc.-21,291
Indonesia,18-déc.-21,232
Indonesia,19-déc.-21,164
Indonesia,20-déc.-21,133
Indonesia,21-déc.-21,216
Indonesia,22-déc.-21,179
Indonesia,23-déc.-21,136
Indonesia,24-déc.-21,204
Indonesia,25-déc.-21,255
Indonesia,26-déc.-21,92
Indonesia,27-déc.-21,120
Indonesia,28-déc.-21,278
Indonesia,29-déc.-21,194
Indonesia,30-déc.-21,189
Indonesia,31-déc.-21,180
Indonesia,1-janv.-22,274
Indonesia,2-janv.-22,174
Indonesia,3-janv.-22,265
Indonesia,4-janv.-22,299
Indonesia,5-janv.-22,404
Indonesia,6-janv.-22,533
Indonesia,7-janv.-22,518
Indonesia,8-janv.-22,479
Indonesia,9-janv.-22,529
Indonesia,10-janv.-22,454
Indonesia,11-janv.-22,802
Indonesia,12-janv.-22,646
Indonesia,13-janv.-22,793
Indonesia,14-janv.-22,850
Indonesia,15-janv.-22,1054
Indonesia,16-janv.-22,855
Indonesia,17-janv.-22,772
Indonesia,18-janv.-22,1362
Indonesia,19-janv.-22,1745
Indonesia,20-janv.-22,2116
Indonesia,21-janv.-22,2604
Indonesia,22-janv.-22,3205
Indonesia,23-janv.-22,2925
Indonesia,24-janv.-22,2927
Indonesia,25-janv.-22,4878
Indonesia,26-janv.-22,7010
Indonesia,27-janv.-22,8077
Indonesia,28-janv.-22,9905
Indonesia,29-janv.-22,11588
Indonesia,30-janv.-22,12422
Indonesia,31-janv.-22,10185
Indonesia,1-févr.-22,16021
Indonesia,2-févr.-22,17895
Indonesia,3-févr.-22,27197
Indonesia,4-févr.-22,32211
Indonesia,5-févr.-22,33729
Indonesia,6-févr.-22,36057
Indonesia,7-févr.-22,26121
Indonesia,8-févr.-22,37492
Indonesia,9-févr.-22,46843
Indonesia,10-févr.-22,40618
Indonesia,11-févr.-22,40489
Indonesia,12-févr.-22,55209
Indonesia,13-févr.-22,44526
Indonesia,14-févr.-22,36501
Indonesia,15-févr.-22,57049
Indonesia,16-févr.-22,64718
Indonesia,17-févr.-22,63956
Indonesia,18-févr.-22,59635
Indonesia,19-févr.-22,59384
Indonesia,20-févr.-22,48484
Indonesia,21-févr.-22,34418
Indonesia,22-févr.-22,57491
Indonesia,23-févr.-22,61488
Indonesia,24-févr.-22,57426
Indonesia,25-févr.-22,49447
Indonesia,26-févr.-22,46643
Indonesia,27-févr.-22,34976
Indonesia,28-févr.-22,25054
Indonesia,1-mars-22,24728
Indonesia,2-mars-22,40920
Indonesia,3-mars-22,37259
Indonesia,4-mars-22,26347
Indonesia,5-mars-22,30156
Indonesia,6-mars-22,24867
Indonesia,7-mars-22,21380
Indonesia,8-mars-22,30148
Indonesia,9-mars-22,26336
Indonesia,10-mars-22,21311
Indonesia,11-mars-22,16110
Indonesia,12-mars-22,14900
Indonesia,13-mars-22,11585
Indonesia,14-mars-22,9629
Indonesia,15-mars-22,14408
Indonesia,16-mars-22,13018
Indonesia,17-mars-22,11532
Indonesia,18-mars-22,9528
Indonesia,19-mars-22,7951
Indonesia,20-mars-22,5922
Indonesia,21-mars-22,4699
Indonesia,22-mars-22,7464
Indonesia,23-mars-22,6376
Indonesia,24-mars-22,5808
Indonesia,25-mars-22,4857
Indonesia,26-mars-22,4189
Indonesia,27-mars-22,3077
Indonesia,28-mars-22,2798
Indonesia,29-mars-22,3895
Indonesia,30-mars-22,3840
Indonesia,31-mars-22,3332
Indonesia,1-avr.-22,2930
Indonesia,2-avr.-22,2300
Indonesia,3-avr.-22,1933
Indonesia,4-avr.-22,1661
Indonesia,5-avr.-22,2282
Indonesia,6-avr.-22,2400
Indonesia,7-avr.-22,2089
Indonesia,8-avr.-22,1755
Indonesia,9-avr.-22,1468
Indonesia,10-avr.-22,1071
Indonesia,11-avr.-22,1196
Indonesia,12-avr.-22,1455
Indonesia,13-avr.-22,1551
Indonesia,14-avr.-22,833
Indonesia,15-avr.-22,922
Indonesia,16-avr.-22,602
Indonesia,17-avr.-22,607
Indonesia,18-avr.-22,559
Indonesia,19-avr.-22,837
Indonesia,20-avr.-22,741
Indonesia,21-avr.-22,585
Indonesia,22-avr.-22,651
Indonesia,23-avr.-22,522
Indonesia,24-avr.-22,382
Indonesia,25-avr.-22,317
Indonesia,26-avr.-22,576
Indonesia,27-avr.-22,617
Indonesia,28-avr.-22,412
Indonesia,29-avr.-22,395
Indonesia,30-avr.-22,329
Indonesia,1-mai-22,244
Indonesia,2-mai-22,168
Indonesia,3-mai-22,107
Indonesia,4-mai-22,176
Indonesia,5-mai-22,250
Indonesia,6-mai-22,245
Indonesia,7-mai-22,218
Indonesia,8-mai-22,227
Indonesia,9-mai-22,254
Indonesia,10-mai-22,456
Indonesia,11-mai-22,400
Indonesia,12-mai-22,335
Indonesia,13-mai-22,335
Indonesia,14-mai-22,308
Indonesia,15-mai-22,257
Indonesia,16-mai-22,182
Indonesia,17-mai-22,247
Indonesia,18-mai-22,327
Indonesia,19-mai-22,318
Indonesia,20-mai-22,250
Indonesia,21-mai-22,263
Indonesia,22-mai-22,227
Indonesia,23-mai-22,174
Indonesia,24-mai-22,345
Indonesia,25-mai-22,315
Indonesia,26-mai-22,246
Indonesia,27-mai-22,224
Indonesia,28-mai-22,279
Indonesia,29-mai-22,242
Indonesia,30-mai-22,218
Indonesia,31-mai-22,340
Indonesia,1-juin-22,368
Indonesia,2-juin-22,304
Indonesia,3-juin-22,372
Indonesia,4-juin-22,395
Indonesia,5-juin-22,388
Indonesia,6-juin-22,342
Indonesia,7-juin-22,518
Indonesia,8-juin-22,520
Indonesia,9-juin-22,556
Indonesia,10-juin-22,627
Indonesia,11-juin-22,574
Indonesia,12-juin-22,551
Indonesia,13-juin-22,591
Indonesia,14-juin-22,930
Indonesia,15-juin-22,1242
Indonesia,16-juin-22,1173
Indonesia,17-juin-22,1220
Indonesia,18-juin-22,1264
Indonesia,19-juin-22,1167
Indonesia,20-juin-22,1180
Indonesia,21-juin-22,1678
Indonesia,22-juin-22,1985
Indonesia,23-juin-22,1907
Indonesia,24-juin-22,2069
Indonesia,25-juin-22,1831
Indonesia,26-juin-22,1726
Indonesia,27-juin-22,1445
Indonesia,28-juin-22,2167
Indonesia,29-juin-22,2149
Indonesia,30-juin-22,2248
Indonesia,1-juil.-22,2049
Indonesia,2-juil.-22,1794
Indonesia,3-juil.-22,1614
Indonesia,4-juil.-22,1434
Indonesia,5-juil.-22,2577
Indonesia,6-juil.-22,2743
Indonesia,7-juil.-22,2881
Indonesia,8-juil.-22,2472
Indonesia,9-juil.-22,2705
Indonesia,10-juil.-22,2576
Indonesia,11-juil.-22,1681
Indonesia,12-juil.-22,3361
Indonesia,13-juil.-22,3822
Indonesia,14-juil.-22,3584
Indonesia,15-juil.-22,3331
Indonesia,16-juil.-22,4329
Indonesia,17-juil.-22,3540
Indonesia,18-juil.-22,3393
Indonesia,19-juil.-22,5085
Indonesia,20-juil.-22,5653
Indonesia,21-juil.-22,5410
Indonesia,22-juil.-22,4834
Indonesia,23-juil.-22,4943
Indonesia,24-juil.-22,4071
Indonesia,25-juil.-22,4048
Indonesia,26-juil.-22,6483
Indonesia,27-juil.-22,6438
Indonesia,28-juil.-22,6353
Indonesia,29-juil.-22,5831
Indonesia,30-juil.-22,5398
Indonesia,31-juil.-22,4205
Indonesia,1-août-22,3696
Indonesia,2-août-22,5827
Indonesia,3-août-22,6167
Indonesia,4-août-22,6527
Indonesia,5-août-22,5929
Indonesia,6-août-22,5455
Indonesia,7-août-22,4279
Indonesia,8-août-22,4425
Indonesia,9-août-22,6276
Indonesia,10-août-22,5926
Indonesia,11-août-22,5532
Indonesia,12-août-22,6091
Indonesia,13-août-22,5104
Indonesia,14-août-22,4442
Indonesia,15-août-22,3588
Indonesia,16-août-22,5869
Indonesia,17-août-22,5253
Indonesia,18-août-22,4039
Indonesia,19-août-22,5163
Indonesia,20-août-22,4922
Indonesia,21-août-22,3949
Indonesia,22-août-22,3300
Indonesia,23-août-22,4858
Indonesia,24-août-22,5428
Indonesia,25-août-22,5214
Indonesia,26-août-22,4549
Indonesia,27-août-22,4170
Indonesia,28-août-22,3228
Indonesia,29-août-22,2871
Indonesia,30-août-22,5070
Indonesia,31-août-22,4563
Indonesia,1-sept.-22,4094
Indonesia,2-sept.-22,3616
Indonesia,3-sept.-22,3260
Indonesia,4-sept.-22,2764
Indonesia,5-sept.-22,2340
Indonesia,6-sept.-22,3607
Indonesia,7-sept.-22,3513
Indonesia,8-sept.-22,3138
Indonesia,9-sept.-22,2804
Indonesia,10-sept.-22,2609
Indonesia,11-sept.-22,1939
Indonesia,12-sept.-22,1848
Indonesia,13-sept.-22,2896
Indonesia,14-sept.-22,2799
Indonesia,15-sept.-22,2651
Indonesia,16-sept.-22,2358
Indonesia,17-sept.-22,2079
Indonesia,18-sept.-22,1683
Indonesia,19-sept.-22,1620
Indonesia,20-sept.-22,2518
Indonesia,21-sept.-22,2384
Indonesia,22-sept.-22,2162
Indonesia,23-sept.-22,1904
Indonesia,24-sept.-22,1724
Indonesia,25-sept.-22,1411
Indonesia,26-sept.-22,1344
Indonesia,27-sept.-22,1976
Indonesia,28-sept.-22,1915
Indonesia,29-sept.-22,2003
Indonesia,30-sept.-22,1857
Indonesia,1-oct.-22,1639
Indonesia,2-oct.-22,1322
Indonesia,3-oct.-22,1134
Indonesia,4-oct.-22,2031
Indonesia,5-oct.-22,1542
Indonesia,6-oct.-22,1831
Indonesia,7-oct.-22,1501
Indonesia,8-oct.-22,1325
Indonesia,9-oct.-22,999
Indonesia,10-oct.-22,1195
Indonesia,11-oct.-22,2077
Indonesia,12-oct.-22,2028
Indonesia,13-oct.-22,1830
Indonesia,14-oct.-22,1786
Indonesia,15-oct.-22,1678
Indonesia,16-oct.-22,1326
Indonesia,17-oct.-22,1233
Indonesia,18-oct.-22,2164
Indonesia,19-oct.-22,2390
Indonesia,20-oct.-22,2307
Indonesia,21-oct.-22,2227
Indonesia,22-oct.-22,2087
Indonesia,23-oct.-22,1685
Indonesia,24-oct.-22,1703
Indonesia,25-oct.-22,3008
Indonesia,26-oct.-22,3048
Indonesia,27-oct.-22,3029
Indonesia,28-oct.-22,3015
Indonesia,29-oct.-22,3141
Indonesia,30-oct.-22,2717
Indonesia,31-oct.-22,2457
Indonesia,1-nov.-22,4707
Indonesia,2-nov.-22,4873
Indonesia,3-nov.-22,4951
Indonesia,4-nov.-22,5303
Indonesia,5-nov.-22,4717
Indonesia,6-nov.-22,3662
Indonesia,7-nov.-22,3828
Indonesia,8-nov.-22,6601
Indonesia,9-nov.-22,6186
Indonesia,10-nov.-22,6294
Indonesia,11-nov.-22,6247
Indonesia,12-nov.-22,6179
Indonesia,13-nov.-22,4877
Indonesia,14-nov.-22,4408
Indonesia,15-nov.-22,7893
Indonesia,16-nov.-22,8486
Indonesia,17-nov.-22,7822
Indonesia,18-nov.-22,6699
Indonesia,19-nov.-22,6383
Indonesia,20-nov.-22,5172
Indonesia,21-nov.-22,4306
Indonesia,22-nov.-22,7644
Indonesia,23-nov.-22,7221
Indonesia,24-nov.-22,7110
Indonesia,25-nov.-22,5976
Indonesia,26-nov.-22,5469
Indonesia,27-nov.-22,4151
Indonesia,28-nov.-22,3225
Indonesia,29-nov.-22,5766
Indonesia,30-nov.-22,5609
Indonesia,1-déc.-22,4977
Indonesia,2-déc.-22,4179
Indonesia,3-déc.-22,3655
Indonesia,4-déc.-22,2548
Indonesia,5-déc.-22,2234
Indonesia,6-déc.-22,3744
Indonesia,7-déc.-22,3351
Indonesia,8-déc.-22,2977
Indonesia,9-déc.-22,2501
Indonesia,10-déc.-22,2191
Indonesia,11-déc.-22,1589
Indonesia,12-déc.-22,1225
Indonesia,13-déc.-22,2117
Indonesia,14-déc.-22,2136
Indonesia,15-déc.-22,1785
Indonesia,16-déc.-22,1451
Indonesia,17-déc.-22,1233
Indonesia,18-déc.-22,860
Indonesia,19-déc.-22,809
Indonesia,20-déc.-22,1297
Indonesia,21-déc.-22,1123
Indonesia,22-déc.-22,1053
Indonesia,23-déc.-22,923
Indonesia,24-déc.-22,784
Indonesia,25-déc.-22,538
Indonesia,26-déc.-22,468
Indonesia,27-déc.-22,803
Indonesia,28-déc.-22,695
Indonesia,29-déc.-22,685
Indonesia,30-déc.-22,552
Indonesia,31-déc.-22,488
Indonesia,1-janv.-23,366
Indonesia,2-janv.-23,262
Indonesia,3-janv.-23,652
Indonesia,4-janv.-23,597
Indonesia,5-janv.-23,535
Indonesia,6-janv.-23,519
Indonesia,7-janv.-23,455
Indonesia,8-janv.-23,345
Indonesia,9-janv.-23,266
Indonesia,10-janv.-23,469
Indonesia,11-janv.-23,402
Indonesia,12-janv.-23,412
Indonesia,13-janv.-23,363
Indonesia,14-janv.-23,389
Indonesia,15-janv.-23,239
Indonesia,16-janv.-23,225
Indonesia,17-janv.-23,357
Indonesia,18-janv.-23,339
Indonesia,19-janv.-23,310
Indonesia,20-janv.-23,292
Indonesia,21-janv.-23,238
Indonesia,22-janv.-23,218
Indonesia,23-janv.-23,119
Indonesia,24-janv.-23,218
Indonesia,25-janv.-23,274
Indonesia,26-janv.-23,322
Indonesia,27-janv.-23,211
Indonesia,28-janv.-23,199
Indonesia,29-janv.-23,165
Indonesia,30-janv.-23,183
Indonesia,31-janv.-23,260
Indonesia,1-févr.-23,273
Indonesia,2-févr.-23,248
Indonesia,3-févr.-23,241
Indonesia,4-févr.-23,186
Indonesia,5-févr.-23,171
Indonesia,6-févr.-23,169
Indonesia,7-févr.-23,392
Indonesia,8-févr.-23,263
Indonesia,9-févr.-23,220
Indonesia,10-févr.-23,239
Indonesia,11-févr.-23,200